{"Keccak":4.27E-06,"Nist5":0.0,"NeoScrypt":0.02970732,"Lyra2REv2":0.000142,"DaggerHashimoto":0.00241828,"Decred":2E-08,"CryptoNight":0.54970186,"Lbry":3.1E-06,"Equihash":13.31873927,"Pascal":3.6E-07,"X11Gost":0.00011,"Blake2s":3.1E-07,"Skunk":0.00036042,"CryptoNightV7":5.41051577,"CryptoNightHeavy":20.04444816,"Lyra2Z":0.00159156,"X16R":0.00401101,"CryptoNightV8":42.91577237,"ZHash":1154.21886682,"Beam":2950.20984616,"GrinCuckaroo29":14854.67233245,"GrinCuckatoo31":85980.02594565,"Lyra2REv3":0.00101048,"MTP":0.03361195,"CryptoNightR":59.48578855,"43":10010.0}