{"Keccak":2.62E-06,"Nist5":0.0,"NeoScrypt":0.04213415,"Lyra2REv2":0.00010634,"DaggerHashimoto":0.00273743,"Decred":2E-08,"CryptoNight":0.63842996,"Lbry":3.18E-06,"Equihash":17.76644184,"Pascal":3.2E-07,"X11Gost":0.00011,"Blake2s":3.4E-07,"Skunk":0.00051761,"CryptoNightV7":5.05154608,"CryptoNightHeavy":22.15156648,"Lyra2Z":0.00162344,"X16R":0.00505108,"CryptoNightV8":40.03781486,"ZHash":1512.25419286,"Beam":3765.59593206,"GrinCuckaroo29":20039.15393531,"GrinCuckatoo31":116038.31982108,"Lyra2REv3":0.00111224,"MTP":0.0434221,"CryptoNightR":74.4808851,"CuckooCycle":110.0}