{"Keccak":4.04E-06,"Nist5":0.0,"NeoScrypt":0.02399739,"Lyra2REv2":0.00012832,"DaggerHashimoto":0.00320655,"Decred":2E-08,"CryptoNight":0.51760187,"Lbry":3.45E-06,"Equihash":19.46290617,"Pascal":3.1E-07,"X11Gost":0.0,"Blake2s":4.6E-07,"Skunk":0.00045853,"CryptoNightV7":4.37027632,"CryptoNightHeavy":30.56975104,"Lyra2Z":0.00153458,"X16R":0.00425648,"CryptoNightV8":30.23026995,"ZHash":1281.99400958,"Beam":2821.42142589,"GrinCuckaroo29":15308.97446389,"GrinCuckatoo31":108625.94875311,"Lyra2REv3":0.00121117,"MTP":0.03790781,"CryptoNightR":59.39252653,"CuckooCycle":908.30626027}