{
  "Keccak": 4.999998848E-07,
  "Nist5": 1E-07,
  "NeoScrypt": 0.0001,
  "Lyra2REv2": 9.147402854E-05,
  "DaggerHashimoto": 0.001606909862,
  "Decred": 1.005828381E-09,
  "CryptoNight": 0.15020001,
  "Lbry": 4.776190434E-07,
  "Equihash": 8.249814538,
  "Pascal": 0.0,
  "Sia": 0.0,
  "Blake2s": 1.000060127E-07,
  "Skunk": 0.0003993944698,
  "CryptoNightV7": 0.1,
  "CryptoNightHeavy": 0.1,
  "Lyra2Z": 0.0001,
  "X16R": 0.003164233072,
  "CryptoNightV8": 0.1,
  "ZHash": 772.360437,
  "Beam": 2411.158836,
  "GrinCuckaroo29": 12250.94294,
  "GrinCuckatoo31": 87402.22295,
  "Lyra2REv3": 0.0004346937038,
  "CryptoNightR": 43.47224655,
  "CuckooCycle": 8202.863602
}